"PolicyName","State","Users","Groups","Applications","GrantRules"
"APM Pilot Block Policy","enabled","","36e1bb5d-ef6f-44f5-8e95-084d3e539906","All","block"
"APM Pilot Policy","enabled","","58f6096b-2da3-444c-8d06-f71a9045a95d","All","block"
"Deny Legacy Auth","enabled","All","","All","block"
"Microsoft.EA.Account_MFA_Required","enabled","63e569df-3857-41c5-9150-155fa929a66c","","All","mfa"
"AllUsers_WVDApp_MFAtimeout","enabled","All","","9cdead84-a844-4324-93f2-b2e6bb768d07","mfa;compliantDevice;domainJoinedDevice"
"AdminAccounts_WVD_DomainDevice","enabled","","b5e33621-50fa-41c7-b6d7-64420e1cf1c4;70739830-8e52-4c11-84d0-801c19a65fcd;4761c154-12c6-48b5-b687-1fcba96d6d14;5e382923-e9f8-4699-9c8c-2121bf379a70","5a0aa725-4958-4b0c-80a9-34562e23f3b7;9cdead84-a844-4324-93f2-b2e6bb768d07;fa4345a4-a730-4230-84a8-7d9651b86739","mfa;domainJoinedDevice"
"apm-cap-pwdstate","enabled","","2a1de19b-0c03-425d-bfee-acb21724b8ae;b099a100-fb3e-4620-b665-5e10123a10d3;438caa14-bad0-42b9-bb4a-f256589cc8bd;abb66e88-aaf5-4e7b-b6eb-cb6579fe463e;b573df6c-fd6e-400b-bf35-b5a94e72c89f;32c64e46-ba9e-46cd-bb89-13125ac10b09","b74539fc-3043-4af8-b482-9d0f35027b18","mfa"
"AllUsers_Office365Mobile_CompliantDeviceRollout","enabled","","7fcf801f-f052-47f2-ac6b-d80adf105a1b;b2a6b831-aa10-4d93-ba23-29b20fc71eb0;be4668e1-6b34-4d53-b4a0-601cb3cea27c;447a9e50-cac3-43e2-acab-816f13e5d93a;0f034127-b92a-4dda-98e7-6707e36cca8d","Office365","compliantDevice;compliantApplication"
"AllUsers_ZeroTrustApps_AzureADHybridDevice","enabled","All","","7e04d433-1103-4aec-bf8d-6a7f1627432f;8dac61ea-e471-4325-be8d-aa87cc10b8cb","domainJoinedDevice"
"AllUsers_PaloAltoCaptivePortal_ServiceLevelOneDomainDevice","enabled","All","","890f8c9b-5bd7-4c3b-9801-8c1cea0de873","mfa;domainJoinedDevice"
"AllUsers_AllAccess_DeviceRequired","enabled","All","","All","compliantDevice;domainJoinedDevice"
"AllUsers_AllAccess_MFAorDeviceRequired","enabled","All","","All","mfa;domainJoinedDevice"
"AllUsers_Office365_DeviceRequired","enabled","All","","Office365","domainJoinedDevice"
"AllUsers_Office365Mobile_ManagedAppRequired","enabled","All","","Office365","compliantApplication"
"AllUsers_Sharepoint_DeviceRequired","enabled","All","","00000003-0000-0ff1-ce00-000000000000","domainJoinedDevice"
"AdminAccounts_AllAccess_BlockNonJumphostDevices","enabledForReportingButNotEnforced","","38027b26-7f98-4722-b6c6-b068d9be1a0a","All","block"
"AdminAccounts_WVD_BlockNonAdminDevices","enabledForReportingButNotEnforced","","38027b26-7f98-4722-b6c6-b068d9be1a0a","9cdead84-a844-4324-93f2-b2e6bb768d07;5a0aa725-4958-4b0c-80a9-34562e23f3b7;fa4345a4-a730-4230-84a8-7d9651b86739","block"
"AdminAccounts_AllAccess_SigninTimeout","enabledForReportingButNotEnforced","","38027b26-7f98-4722-b6c6-b068d9be1a0a","All",""
"Guests_Everything_MFARequired","enabledForReportingButNotEnforced","GuestsOrExternalUsers","","All","mfa"
"AdminRoles_Everything_RequireDevice","enabledForReportingButNotEnforced","","","All","domainJoinedDevice"
"AllUsers_AllAccess_DeviceRequired_Reporting","enabledForReportingButNotEnforced","All","","All","domainJoinedDevice;compliantApplication"
"AllUsers_AllAccess_MFAorDeviceRequired_Reporting","enabledForReportingButNotEnforced","All","","All","mfa;domainJoinedDevice;compliantApplication"
"AllUsers_Office365_DeviceRequired_Reporting","enabledForReportingButNotEnforced","All","","Office365","domainJoinedDevice"
"AllUsers_Office365Mobile_ManagedAppRequired_Reporting","enabledForReportingButNotEnforced","All","","Office365","compliantApplication"
"AllUsers_Sharepoint_DeviceRequired_Reporting","enabledForReportingButNotEnforced","All","","00000003-0000-0ff1-ce00-000000000000","domainJoinedDevice"
"AdminAccountsPilot_AllAccess_BlockNonJumphostDevices","disabled","d6e7a686-bc33-40e3-9a4d-fd1d9f7b33ac;d591bed7-60bc-48a6-9023-ab8e859291ba","","5a0aa725-4958-4b0c-80a9-34562e23f3b7;9cdead84-a844-4324-93f2-b2e6bb768d07;fa4345a4-a730-4230-84a8-7d9651b86739","block"
"Singapore Block Onedrive","enabled","","a09e34d8-7b86-4706-be1f-fa551859bf67;92a47150-e167-4757-abfd-6b14b8ec8963","00000003-0000-0ff1-ce00-000000000000","block"
"AllUsers_UnapprovedCountries_Block","enabledForReportingButNotEnforced","All","","All","block"
"LimitedUsers_EmailOnly_Block","enabled","","261a6543-f331-415f-b0a1-d71b0782197e","3ffee30a-02bb-4e9f-a820-154b6eaa36b5;00000002-0000-0ff1-ce00-000000000000","mfa"
"AdminRoles_Everything_RequireMFA","enabledForReportingButNotEnforced","","","All","mfa"
"AllUsers_AllAccess_BlockLegacy","enabledForReportingButNotEnforced","All","","All","block"
"POC_EarlyAccess_Biosymm MFA Policy","enabled","","6501d81d-3767-4dbf-9a52-a9091405c017","All","mfa"
"POC_EarlyAccess_Construct-Health MFA policy","enabled","","9c050a88-358a-41e0-a447-94f55953b678","All","mfa"
"POC_EarlyAccess_My-Integra MFA policy","enabled","","3b755397-d193-4d02-8f59-ca3e0a4e1e7e","All","mfa"
"POC_EarlyAccess_CA_BlockAllApps_Biosymm","enabledForReportingButNotEnforced","","6501d81d-3767-4dbf-9a52-a9091405c017","All","block"
"POC_EarlyAccess_CA_BlockAllApps_Construct-Health","enabledForReportingButNotEnforced","","9c050a88-358a-41e0-a447-94f55953b678","All","block"
"POC_EarlyAccess_CA_BlockAllApps_My-Integra","enabledForReportingButNotEnforced","","3b755397-d193-4d02-8f59-ca3e0a4e1e7e","All","block"
"POC_EarlyAccess_EarlyAustralia MFA Policy","enabled","","96f92ecd-04ad-4b7e-b3a7-17359fd0a03a","All","mfa"
"LifeCare SharePoint Restrictions","disabled","","f8368da5-cb1a-4600-8b93-f916ec75f9ac","00000003-0000-0ff1-ce00-000000000000",""
"AllUsers_AzureAppRegistrations","enabledForReportingButNotEnforced","All","","e31cdd5c-01b5-4953-9b11-0184f7463e50","block"
"GuestAccess_Mobility_CA MFA Policy","enabled","","ed458d5b-067a-4bd1-9329-73aa64386651","c8f315fe-9fa1-47cb-9df3-0113c324c228;465c160c-0be4-49e5-95cd-9e0da2cd1571;c7fdcf42-d2fc-493e-aa66-ac967414f51c;e3509834-bc9d-4833-9ed4-4497011f646e;39e5f666-3d24-4ec6-b0be-19fd10dbbaee;e0f67a9b-1ee4-4d12-acd3-69a6fdb1d689","mfa"
"GuestAccess_Mobility_CA BlockAllApps Policy","enabled","","ed458d5b-067a-4bd1-9329-73aa64386651","All","block"
"AllUsers_AllAccess_DataSov","enabledForReportingButNotEnforced","","1f0de486-7638-443c-8b0a-523f16257492","All","block"
"AzureAD CA Staging V2","enabled","","d03f74f7-0e5d-452a-b090-a5df01577ca9;f1ff8f58-5591-40a7-abb2-992b999d8177;bc394a06-173d-48fd-adca-49dace50de03;7bff562a-8041-4c8a-b8f0-2f9c256ea0a4","All","mfa;domainJoinedDevice"
"AtlasAUUsers_NonProd_RequireAUIPs","enabled","","48286970-7c12-4241-bb64-a554b25a63ae","823c4982-c048-470e-a36c-949453ce6a89;354d64f2-64c8-4028-903e-53715716a311","block"
"AtlasAUUsers_Prod_RequireAUIPs","enabled","","cc7fb56e-4fa5-4e21-adec-bfd0c8939193","9fa9c3bb-06b2-4626-904c-2ee57c029171;885f360d-10b1-4712-b27b-9e079f6194ec","block"
"GuestAccess_ADA_CA_AllowADAAppsOnly","enabled","","8b4056b6-3a93-46b0-8610-fc16ca3fc01d;c80493d7-455d-42c2-a174-60600de272f7","All","block"
"AdminRoles_Never_Persistent_Token","enabled","","","All",""
"GuestAccess_ADA_CA MFA Policy","enabled","","8b4056b6-3a93-46b0-8610-fc16ca3fc01d;c80493d7-455d-42c2-a174-60600de272f7","f262ea94-d103-4414-9fc9-1811b16c339b;ff281c6b-3e63-4907-8484-f031d1d9c1ee;00000003-0000-0ff1-ce00-000000000000;c8f315fe-9fa1-47cb-9df3-0113c324c228;4f953bc6-b074-4115-9206-6e7192f9d266;00000009-0000-0000-c000-000000000000;2162cd2d-1622-479e-b047-d767e683a49b;8d4820ac-1718-451e-a6c8-227e705a3bb9;19968d75-3c38-4615-be18-7beebb6cd726;e3509834-bc9d-4833-9ed4-4497011f646e;795e03db-e228-4fe3-bd74-4d67e9225b12;e0f67a9b-1ee4-4d12-acd3-69a6fdb1d689;07da60c2-a1cb-4bb4-8b0b-1cbcdb23f06c;810dcf14-1858-4bf2-8134-4c369fa3235b;f77e041c-8263-4946-84cb-f5f852f801fa;a48ae2e4-c473-4d0d-a3fc-e3e7e93826b9;34d1c35b-1dc5-4122-8ad3-4bb0eed5607f;7d9307b0-3af7-43c0-8b2d-7da1c4df9754;42b12ee0-b8ca-4100-a483-d2ad09658beb;6fe37e2c-bdc0-4b02-9e4d-93a7a51935eb;2893c8aa-06d0-429d-9cdc-c9b962a03404;f9b61600-a852-47d0-9748-478f86ad8273;4a3c04f4-e579-4810-a82d-15514a338852;465c160c-0be4-49e5-95cd-9e0da2cd1571;ddf62544-c058-4ba5-88d0-f9e3eb1395b1;1592e687-589e-40a3-a475-51757495c559;312bac5e-c64d-4692-9bba-6b646bc3ea91;8c59ead7-d703-4a27-9e55-c96a0054c8d2;e50d2592-85a1-40af-b9da-116a2c0f491f;70655771-a625-4923-9b4b-380361694c11;2793995e-0a7d-40d7-bd35-6968ba142197;41a88926-f099-422a-8151-5004d122dcd1;8787fe66-5909-46ec-8c46-fbfb66ae47df","mfa"
"AdminRoles_Risky_Sign-ins_MFA","enabled","","","All","mfa"
"AdminRoles_RiskyUsers_MFA_Password_Reset","enabled","","","All","mfa;passwordChange"
"Microsoft-managed: Multifactor authentication for per-user multifactor authentication users","enabled","690cff08-5735-497d-8a78-657ef8a66228;54343a72-487b-4e1b-9b62-c95f186f9919;9022d72e-3ba6-46e3-8408-5b599f42aa9f;b0d6993f-000a-4b4c-9d07-91d4d265d1f3;8dab1eec-c169-4f8f-b566-9ef0cb4649d6;c6336ea5-182d-4402-b146-958e098499f5;9360cc90-9d31-4044-ac86-a6b6cc7a2644;d1823e11-41e3-4ac4-9905-82eab5bd9e83;af058684-b191-4dd6-b2bd-633ac4c2c06d;b972abcc-6527-455f-a092-564cc1cdba16;294cb67b-c316-478f-b091-78f092469945;a3bcf597-ee2b-4a1c-90cb-f3e95c226586;ffe369d4-f8de-44d8-8a49-f56080b81cbc;1cea1751-61a4-4175-95ab-6efcbf5c8a8c;2f1fb3ae-4ffb-4731-93d7-83d21612dbfc;be1e89cf-cff5-4b97-ae5c-fc065825f4cd;ccb04fec-5e67-40c3-b9f8-b0f5ee4b6ae1;84195937-71c0-461e-b1bf-73a3bc2eaf04;c25a8d2b-f26b-4929-8490-eddad4715833;acfc6bc4-6cb4-433d-8700-5495079c2397","","All",""
"Microsoft-managed: Multifactor authentication for admins accessing Microsoft Admin Portals","enabledForReportingButNotEnforced","","","MicrosoftAdminPortals","mfa"
"CA-100 - All Users & Guests - All Apps - Legacy Protocols - Block","enabled","All","","All","block"
"CA-101 - All Users & Guests - All Apps - Allow - Require MFA","enabledForReportingButNotEnforced","All","","All","mfa;domainJoinedDevice"
"CA-102 - All Users & Guests - All Apps - Locations exc. AU, Corporate - Block","enabled","All","","All","block"
"CA-103 - All Users & Guests - All Apps - Any device exc. Android, iOS,  Windows, macOS - Block","enabledForReportingButNotEnforced","All","","All","block"
"CA-104 - All Users & Guests - All Apps - High Sign In Risk - Block","enabled","All","","All","block"
"CA-200 - Org Users - Microsoft 365 - Windows, macOS - Client Apps - Allow - Require Hybrid or Compliance","enabledForReportingButNotEnforced","All","","MicrosoftAdminPortals;Office365","compliantDevice;domainJoinedDevice"
"CA-201 - Org Users - All Apps - Browser - BYOD - Allow - No Persistence","enabled","All","","All",""
"CA-203 - Org Users - All Apps - High User Risk - Allow - Require MFA &  Password Reset","enabled","All","","All","mfa;passwordChange"
"CA-204 - Org Users - Entra Join - Allow - Require MFA","enabledForReportingButNotEnforced","All","","","mfa"
"CA-400 - Administrators - All Apps - Devices exc. Windows - Block","enabledForReportingButNotEnforced","","70739830-8e52-4c11-84d0-801c19a65fcd;4761c154-12c6-48b5-b687-1fcba96d6d14","All","block"
"CA-402 - Administrators - All Apps - Locations exc. DC - Block","enabledForReportingButNotEnforced","","70739830-8e52-4c11-84d0-801c19a65fcd;4761c154-12c6-48b5-b687-1fcba96d6d14","All","block"
"CA-403 - Administrators - All Apps - Allow - No Persistence--","enabled","","70739830-8e52-4c11-84d0-801c19a65fcd;4761c154-12c6-48b5-b687-1fcba96d6d14","All",""
"CA-500 - Guests - All Apps - Locations exc. AU, Corporate - Block","enabled","","","All","block"
"CA-501 - Guests - All Apps - Locations exc. AU, Corporate - Block COPY","enabled","","0dbf8bfa-f3ba-42ee-ad9a-d735ea1cf7f6","All","block"
"CA-204 - Org Users - iChris - ATO Requirements - Allow - Require Hybrid","enabled","All","","c6182cdc-83cc-405d-b1bb-c630ddc7c349;3b0da001-7d89-4a89-b028-a28811168798;ce855d29-a161-420c-a726-c2bc71408db5;374cddb7-5721-4f3e-bc33-4466a0a198d4;ed8bea36-b38d-4251-a67e-88c979538134","domainJoinedDevice"
"CA-401 - Administrators - All Apps - Allow - Require Phish Resistant MFA","enabledForReportingButNotEnforced","","00cb7280-b1aa-412d-a4f1-68198f8ddbd2","All",""
"CA-205 - Org Users - iChris - ATO Requirements - Allow - Require MFA","enabled","","92a65485-f2d8-4bf2-b330-e97ea627eb2e","c6182cdc-83cc-405d-b1bb-c630ddc7c349;3b0da001-7d89-4a89-b028-a28811168798;374cddb7-5721-4f3e-bc33-4466a0a198d4;ce855d29-a161-420c-a726-c2bc71408db5;ed8bea36-b38d-4251-a67e-88c979538134",""
"CA-205 - Org Users - AllApps - ATO Requirements - Allow - No Persistence","enabled","","92a65485-f2d8-4bf2-b330-e97ea627eb2e","All",""
"CA-206 - SACA Users - Dynamics - Allow - Require Hybrid or Intune Compliant","enabled","","1bf6afdf-5dbd-4074-944e-e1e8a6703cb3;67b4a2d4-54a6-4023-8d81-c66a95d7ceda;c4f3c152-064e-4b42-92c1-3defdead6661;82639de8-1aa3-41de-a640-f2adf22c0ac9;56067960-3cbc-4287-9706-6aaefe82df72;ca451ded-9a39-4409-b7f8-ae28b8fb551d","00000007-0000-0000-c000-000000000000","compliantDevice;domainJoinedDevice"
"CA-207 - SACA Users - Dynamics ? Block - NonAUIPs","enabled","","1bf6afdf-5dbd-4074-944e-e1e8a6703cb3;67b4a2d4-54a6-4023-8d81-c66a95d7ceda;c4f3c152-064e-4b42-92c1-3defdead6661;82639de8-1aa3-41de-a640-f2adf22c0ac9;56067960-3cbc-4287-9706-6aaefe82df72;ca451ded-9a39-4409-b7f8-ae28b8fb551d","00000007-0000-0000-c000-000000000000","block"
"AdminAccounts_RestrictInternetAccess_JumphostDevices","enabledForReportingButNotEnforced","dc0b9741-04e5-4736-b9de-c60c49dac398","","MicrosoftAdminPortals;b74539fc-3043-4af8-b482-9d0f35027b18;8d3b007c-25aa-4cea-8e16-8ab8d510fb7c;2893c8aa-06d0-429d-9cdc-c9b962a03404","domainJoinedDevice"
"CA-207 - SACA Users - Dynamics ? Allow - Require AU","enabled","","1bf6afdf-5dbd-4074-944e-e1e8a6703cb3;82639de8-1aa3-41de-a640-f2adf22c0ac9;67b4a2d4-54a6-4023-8d81-c66a95d7ceda;c4f3c152-064e-4b42-92c1-3defdead6661;56067960-3cbc-4287-9706-6aaefe82df72;ca451ded-9a39-4409-b7f8-ae28b8fb551d","00000007-0000-0000-c000-000000000000","compliantDevice;domainJoinedDevice"
"GuestAccess_ADA_CA_AllowMyProfileOnly","enabled","","8b4056b6-3a93-46b0-8610-fc16ca3fc01d","8c59ead7-d703-4a27-9e55-c96a0054c8d2","block"
"Email Ingestion App Policy","enabledForReportingButNotEnforced","9eabae13-a1c5-4728-9b83-40e88373ea9e","","All","block"
"CA-105 - All Users & Guests - Block access from Bad IPs","enabled","All","","All","block"
"CA-208 ? Org Users ? Selected Apps ? Device Required","disabled","All","","262cdee2-031a-4c2d-b739-983474ff2bba","domainJoinedDevice;compliantApplication"
"CA-209 ? Org Users (LACs) ? Selected Apps ? Deny ? Outside Australia","disabled","","5ad2e5fc-e05d-4229-8e1d-027e3e8443d3","262cdee2-031a-4c2d-b739-983474ff2bba","block"
"CA-360 - NDIS communities ? PAT - Require MFA - Allow","enabled","","5ad2e5fc-e05d-4229-8e1d-027e3e8443d3","a95293b7-9f91-4378-9ca8-c85934beb3d4;262cdee2-031a-4c2d-b739-983474ff2bba","mfa"
"AllUsers_Office365Mobile_CompliantDeviceRollout_Reporting","enabledForReportingButNotEnforced","","7fcf801f-f052-47f2-ac6b-d80adf105a1b;b2a6b831-aa10-4d93-ba23-29b20fc71eb0;be4668e1-6b34-4d53-b4a0-601cb3cea27c;447a9e50-cac3-43e2-acab-816f13e5d93a;0f034127-b92a-4dda-98e7-6707e36cca8d","Office365","compliantDevice;compliantApplication"
"AzureAD CA Staging V2 - Reporting","enabledForReportingButNotEnforced","","d03f74f7-0e5d-452a-b090-a5df01577ca9;f1ff8f58-5591-40a7-abb2-992b999d8177;bc394a06-173d-48fd-adca-49dace50de03;7bff562a-8041-4c8a-b8f0-2f9c256ea0a4","All","mfa;domainJoinedDevice;compliantApplication"
"CA-208 ? Org Users ? Selected Apps ? Device Required - Reporting","enabledForReportingButNotEnforced","All","","262cdee2-031a-4c2d-b739-983474ff2bba","domainJoinedDevice;compliantApplication"
"CA-502 - Guests (Assure) - PowerBI - Locations exc. AU - Block","enabled","","220c9d70-af35-4f1b-ba8e-60a1973a5020","00000009-0000-0000-c000-000000000000","block"
"CA-503 - Guests (Assure) - PowerBI - Require MFA - Allow","enabled","","220c9d70-af35-4f1b-ba8e-60a1973a5020","00000009-0000-0000-c000-000000000000","mfa"
"CA-504 - Guests (Assure) - PowerBI - Risky sign ins - Block","enabled","","220c9d70-af35-4f1b-ba8e-60a1973a5020","00000009-0000-0000-c000-000000000000","mfa"
"CA-362 - NDIS communities ? Promapp - Require MFA - Allow","enabled","d2dd0c36-778d-45d6-affc-4db7a216dc72;7fb242c7-8218-4f00-93fe-0be29ffa3c36;0c99932a-887d-4706-9531-1fc363e90cc5","","e0f67a9b-1ee4-4d12-acd3-69a6fdb1d689","mfa"
"CA-364 - NDIS communities ? PowerBI - Require MFA - Allow","enabled","d2dd0c36-778d-45d6-affc-4db7a216dc72;7fb242c7-8218-4f00-93fe-0be29ffa3c36;3c57e0d8-8f74-44b5-811e-f71ff3c4b235;0c99932a-887d-4706-9531-1fc363e90cc5;d09a441c-a384-442d-b306-31e9c115b724;c67bb9db-434a-4a3c-b4a4-c90565483441","5ad2e5fc-e05d-4229-8e1d-027e3e8443d3","00000009-0000-0000-c000-000000000000;4cfdc3df-6fbd-44aa-bc6c-bc861a88e008","mfa"
"CA-262 - All Users exc. NDIS & External ? Promapp - Require Managed devices - Allow ","enabled","All","","e0f67a9b-1ee4-4d12-acd3-69a6fdb1d689","domainJoinedDevice"
"CA-263 - All Users exc. NDIS & External ? PowerBI - Require Managed devices - Allow","enabled","All","","00000009-0000-0000-c000-000000000000;4cfdc3df-6fbd-44aa-bc6c-bc861a88e008","domainJoinedDevice"
"zzADA_Block_Policy_Test_20250626","enabledForReportingButNotEnforced","6f259abd-c3ca-49bd-b1ff-21326f7c2040","","All","block"
"CA-404 - Administrators - Office 365_AVD - Allow - Token Protection","enabledForReportingButNotEnforced","","b5e33621-50fa-41c7-b6d7-64420e1cf1c4;1af04e35-fd85-4a10-a7b8-e02012011c14","9cdead84-a844-4324-93f2-b2e6bb768d07;00000002-0000-0ff1-ce00-000000000000;00000003-0000-0ff1-ce00-000000000000;0af06dc6-e4b5-4f28-818e-e78e62d137a5;270efc09-cd0d-444b-a71f-39af4910ec45",""
"CA-361 - NDIS communities ? PAT - Location exc. AU ? Block","enabled","","5ad2e5fc-e05d-4229-8e1d-027e3e8443d3","a95293b7-9f91-4378-9ca8-c85934beb3d4;262cdee2-031a-4c2d-b739-983474ff2bba","block"
"CA-363 - NDIS communities ? Promapp - Location exc. AU ? Block","enabled","","5ad2e5fc-e05d-4229-8e1d-027e3e8443d3","e0f67a9b-1ee4-4d12-acd3-69a6fdb1d689","block"
"CA-365 - NDIS communities ? PowerBI - Location exc. AU ? Block","enabled","","5ad2e5fc-e05d-4229-8e1d-027e3e8443d3","f58e0f80-dd0b-44f3-8a41-f877b05c5ced;00000009-0000-0000-c000-000000000000","block"
" CA-260 - All Users exc. NDIS & External ? PAT - Require Managed devices - Allow","enabled","All","","a95293b7-9f91-4378-9ca8-c85934beb3d4;262cdee2-031a-4c2d-b739-983474ff2bba","domainJoinedDevice"
"CA-261 - All Users exc. NDIS & External ? PAT - Location exc. AU ? Block","enabled","All","","a95293b7-9f91-4378-9ca8-c85934beb3d4;262cdee2-031a-4c2d-b739-983474ff2bba","block"
"CA-300 - EncompassCare Users ? Require MFA - Require Managed devices - Allow ","enabledForReportingButNotEnforced","","0a6f2ce0-2b89-4216-9d54-f5eb1ce22f88","affb9884-0313-4249-876f-fb19d820ea48;fef45e06-d597-46d2-bb28-ff8d9c4c5eb7","compliantDevice;domainJoinedDevice"
"CA-106 - All Users & Guests - All Apps - Allow - Require Phish Resistant MFA","enabledForReportingButNotEnforced","","146bc1cf-9b4e-4e03-8476-768ce0c85b1c","All",""
"CA-366 - NDIS communities ? Dynamics - Location exc. AU ? Block","disabled","0c99932a-887d-4706-9531-1fc363e90cc5;c67bb9db-434a-4a3c-b4a4-c90565483441;3c57e0d8-8f74-44b5-811e-f71ff3c4b235","","8578e004-a5c6-46e7-913e-12f58912df43;a7c47198-405d-42a7-ad00-3a0df33e10ad;475226c6-020e-4fb2-8a90-7a972cbfc1d4;00000007-0000-0000-c000-000000000000","block"
" CA-367 - All Users exc. NDIS & External ? Dynamics- Require Managed devices - Allow ","enabled","802c205f-c95d-4327-b549-eb40adab51c2;0c99932a-887d-4706-9531-1fc363e90cc5;0ecb5407-62b6-41d1-8e33-89dc1f147567","5ad2e5fc-e05d-4229-8e1d-027e3e8443d3","All","mfa;domainJoinedDevice;compliantApplication"
"CA-APM-Kiosk-BlockNonWindows","enabledForReportingButNotEnforced","","761b688c-ec7d-491c-b691-6147f7a95ea4","a4a365df-50f1-4397-bc59-1a1564b8bb9c;9cdead84-a844-4324-93f2-b2e6bb768d07;270efc09-cd0d-444b-a71f-39af4910ec45","block"
"CA-APM-Kiosk-BlockWebClient","enabledForReportingButNotEnforced","","761b688c-ec7d-491c-b691-6147f7a95ea4","9cdead84-a844-4324-93f2-b2e6bb768d07;a4a365df-50f1-4397-bc59-1a1564b8bb9c","block"
"CA-APM-Kiosk-RequireCompliantDevice","enabledForReportingButNotEnforced","","761b688c-ec7d-491c-b691-6147f7a95ea4","a4a365df-50f1-4397-bc59-1a1564b8bb9c;9cdead84-a844-4324-93f2-b2e6bb768d07;270efc09-cd0d-444b-a71f-39af4910ec45","compliantDevice"
"CA-APM-Kiosk-WebOnly-Office","enabledForReportingButNotEnforced","","761b688c-ec7d-491c-b691-6147f7a95ea4","All","block"
"CA-APM-Kiosk-DeviceBound","enabledForReportingButNotEnforced","","761b688c-ec7d-491c-b691-6147f7a95ea4","a4a365df-50f1-4397-bc59-1a1564b8bb9c;9cdead84-a844-4324-93f2-b2e6bb768d07;270efc09-cd0d-444b-a71f-39af4910ec45","block"
"CA-APM-Kiosk-BlockExchangeOnline","enabledForReportingButNotEnforced","","761b688c-ec7d-491c-b691-6147f7a95ea4","00000002-0000-0ff1-ce00-000000000000","block"
"CA-APM-Kiosk-BlockTeams","enabledForReportingButNotEnforced","","761b688c-ec7d-491c-b691-6147f7a95ea4","cc15fd57-2c6c-4117-a88c-83b1d56b4bbe;e1829006-9cf1-4d05-8b48-2e665cb48e6a","block"
"CA-APM-KioskPB-RequireCompliantDevice","enabled","","e0378201-6fb8-4148-9191-7188efe8ed4f","All","compliantDevice"
"CA-APM-KioskPB-BlockNonKioskDevices","enabled","","e0378201-6fb8-4148-9191-7188efe8ed4f","All","block"
"CA-APM-KioskPB-BlockNonWindows","enabled","","e0378201-6fb8-4148-9191-7188efe8ed4f","All","block"
"CA-APM-KioskPB-BlockLegacyAuth","enabled","","e0378201-6fb8-4148-9191-7188efe8ed4f","None","block"
"CA-APM-KioskPB-BlockAuthFlows","enabled","","e0378201-6fb8-4148-9191-7188efe8ed4f","All","block"
"CA-APM-KioskPB-BlockRiskySignIn","enabled","","e0378201-6fb8-4148-9191-7188efe8ed4f","All","block"
"CA-APM-KioskPB-WebOnlyOffice","enabledForReportingButNotEnforced","","e0378201-6fb8-4148-9191-7188efe8ed4f","All","block"
